Software Development,Machine Learning,Data Analasys,QA,Project Manager,IT,Leadership,Engineering
Software Engineer,Data Scientist,Data Analyst,Automation Engineer,Project Manager,IT Support Specialist,Director of Engineering,Computer Engineer
Software Engineering Manager,Machine Learning Engineer,Junior Data Analyst,QA Engineering Manager,Engineering Project Manager,IT Associate,CTO,Lead Systems Engineer
Software Developer,Junior Machine Learning Engineer,Data Analyst Intern,Quality Assurance Engineering Manager,Assistant Project Manager,IT Help Desk Support,Senior Engineering Program Manager,System Technology Specialist
Software Engineer Intern,Machine Learning Engineer Intern,Associate Data Engineer,Software Quality Assurance,Project Engineer,IT Technician/QA Tester,Director of Quality Assurance,Computer Scientist
Software Developer Intern,Machine Learning Developer,Data Engineer,Quality Assurance Manager,Project Lead,Entry-Level Computer Support Specialist,Director of Business Development,Computer Programmer
Junior Software Engineer,Machine Learning Scientist,Junior Data Engineer,QA Lead for Customer Care/Service Applications,Sr. Project Manager,Windows Administrator,Sr. Director Software Development,Computer Programmer Analyst
Associate Software Engineer,Associate Data Scientist,Data Engineer Associate,Senior Quality Assurance Analyst,Project Manager Assistance,Systems Administrator,SDI Site Operations Manager,
Software Development Intern,Associate Data Science Engineer,Big Data Analyst,Lead Test Engineer,Product Engineer Intern,IT Analyst,,
Full Stack Engineer Intern,Machine Learning and Data Analysis Associate,Data Programmer,Quality Assurance Technician,,IT Program Manager,,
Jr. Software Engineer,Junior Machine Learning Intern,Blockchain Analyst,QA Tester,,Unix Administrator Assistant,,
Developer Engineer,Deep Learning Engineer Intern,Solutions Analyst,QA Engineering Team Lead,,Distributed Computer Systems Analyst / Network Administrator,,
Software Developer Analyst,Machine Learning Junior Developer,Data Processing Junior Intern,Software Certification Analyst,,Senior Technical Support Specialist,,
Software Development and Deployment Engineer,Junior Machine Learning and Deep Learning Engineer,Data Scientist - Analytics & Insights,Network Systems QA Tester,,Support Manager,,
Software Implementation Team Member,Software Engineer - Machine Learning,Business Systems Analyst,,,Information Technology Intern,,
SDE,Software Developer (Machine Learning Engineer),Strategy Analyst,,,Summer Trainee - Cloud Administration,,
SDE Intern,Software Developer ML,Business Process Analyst,,,Information Architect,,
Junior SDE,Software Developer (Machine Learning),Software Development and Analyst Trainee,,,Information Technology Support,,
Web Developer,NLP Analyst,Analyst,,,Help Desk Support Analyst II,,
Web Developer Intern,NLP Developer Intern,Analyst Intern,,,Technical Support,,
Front-End Developer,Lead Data Scientist,Junior Analyst,,,Network Assistant Team,,
Mobile App Developer,Intern at Machine Learning and Cognitive Division,Junior Analyst Expert,,,,,
Python Developer Intern,Associate Machine Learning Engineer,Junior Analyst Intern,,,,,
Computer Programmer,Machine Learning Intern,Part-Time Analyst,,,,,
Computer Scientist,software developer (machine learning),Deputy Data Analyst,,,,,
Software Engineering Analyst,,Jr. Data Scientist,,,,,
Associate Software Engineer and Analyst,,Assistant Analyst,,,,,
Development Designer,,bi engineer,,,,,
Student Web Developer,,junior data evangelist,,,,,
Software Engineering Team Lead,,junior system engineer analyst,,,,,
Software Engineering Intern,,senior analyst,,,,,
System Technology Specialist,,systems analyst,,,,,
SDE for Software Caging,,,,,,,
Principal Software Engineer,,,,,,,
Sr. Director Software Development,,,,,,,
Senior Software Engineer,,,,,,,
Junior Developer,,,,,,,
Developer,,,,,,,
Software Developer and Analyst Trainee,,,,,,,
Android Developer Intern,,,,,,,
Python Intern,,,,,,,
FW Developer,,,,,,,
Application Development Associate,,,,,,,
sde and business analyst trainee,,,,,,,
intern developer,,,,,,,
associate system engineer intern,,,,,,,
